{
  "collectionName": "components_cards_social_media_cards",
  "info": {
    "displayName": "Social_Media_Card",
    "icon": "dashboard",
    "description": ""
  },
  "options": {},
  "attributes": {
    "Title": {
      "type": "string"
    },
    "Description": {
      "type": "string"
    },
    "logos": {
      "type": "relation",
      "relation": "oneToMany",
      "target": "api::logo.logo"
    },
    "span": {
      "type": "enumeration",
      "enum": [
        "one",
        "two",
        "three"
      ]
    }
  }
}
