{
  "kind": "collectionType",
  "collectionName": "products",
  "info": {
    "singularName": "product",
    "pluralName": "products",
    "displayName": "Products",
    "description": ""
  },
  "options": {
    "draftAndPublish": true
  },
  "pluginOptions": {},
  "attributes": {
    "name": {
      "type": "string"
    },
    "price": {
      "type": "integer"
    },
    "description": {
      "type": "string"
    },
    "slug": {
      "pluginOptions": {},
      "type": "uid",
      "targetField": "name"
    },
    "images": {
      "type": "media",
      "multiple": true,
      "required": false,
      "allowedTypes": [
        "images",
        "files",
        "videos"
      ]
    },
    "perks": {
      "type": "component",
      "repeatable": true,
      "component": "shared.perks"
    },
    "plans": {
      "type": "relation",
      "relation": "oneToMany",
      "target": "api::plan.plan",
      "mappedBy": "product"
    },
    "categories": {
      "type": "relation",
      "relation": "oneToMany",
      "target": "api::category.category",
      "mappedBy": "product"
    },
    "dynamic_zone": {
      "type": "dynamiczone",
      "components": [
        "dynamic-zone.related-products",
        "dynamic-zone.cta"
      ]
    },
    "featured": {
      "type": "boolean",
      "default": false
    }
  }
}
