{
  "kind": "collectionType",
  "collectionName": "brands",
  "info": {
    "singularName": "brand",
    "pluralName": "brands",
    "displayName": "Brand"
  },
  "options": {
    "draftAndPublish": true
  },
  "pluginOptions": {},
  "attributes": {
    "Name": {
      "type": "string",
      "required": true
    },
    "Slug": {
      "type": "uid",
      "targetField": "Name",
      "required": true
    },
    "Description": {
      "type": "text"
    },
    "Logo": {
      "type": "media",
      "multiple": false,
      "allowedTypes": [
        "images",
        "files",
        "videos",
        "audios"
      ]
    },
    "foundedYear": {
      "type": "integer"
    },
    "headquarters": {
      "type": "string"
    },
    "Country": {
      "type": "string"
    },
    "Website": {
      "type": "string"
    },
    "thumbnail_image": {
      "type": "media",
      "multiple": false,
      "allowedTypes": [
        "images",
        "files",
        "videos",
        "audios"
      ]
    },
    "brandstatus": {
      "type": "enumeration",
      "enum": [
        "Draft",
        "Published",
        "Archived"
      ]
    },
    "models": {
      "type": "relation",
      "relation": "oneToMany",
      "target": "api::model.model"
    },
    "blog_posts": {
      "type": "relation",
      "relation": "oneToMany",
      "target": "api::blog-post.blog-post"
    },
    "marketplace_products": {
      "type": "relation",
      "relation": "oneToMany",
      "target": "api::marketplace-product.marketplace-product"
    },
    "tags": {
      "type": "relation",
      "relation": "manyToMany",
      "target": "api::tag.tag",
      "inversedBy": "brands"
    },
    "model": {
      "type": "relation",
      "relation": "oneToOne",
      "target": "api::model.model",
      "inversedBy": "brand"
    },
    "variant": {
      "type": "relation",
      "relation": "oneToOne",
      "target": "api::variant.variant",
      "inversedBy": "brand"
    },
    "blog_post": {
      "type": "relation",
      "relation": "oneToOne",
      "target": "api::blog-post.blog-post",
      "mappedBy": "brand"
    },
    "authors": {
      "type": "relation",
      "relation": "manyToMany",
      "target": "api::author.author",
      "mappedBy": "brands"
    },
    "marketplace_product": {
      "type": "relation",
      "relation": "oneToOne",
      "target": "api::marketplace-product.marketplace-product",
      "inversedBy": "brand"
    },
    "SEO": {
      "type": "component",
      "component": "shared.seo-meta",
      "repeatable": false
    }
  }
}
