{
  "kind": "collectionType",
  "collectionName": "marketplace_products",
  "info": {
    "singularName": "marketplace-product",
    "pluralName": "marketplace-products",
    "displayName": "MarketplaceProduct"
  },
  "options": {
    "draftAndPublish": true
  },
  "pluginOptions": {},
  "attributes": {
    "title": {
      "type": "string",
      "required": true
    },
    "slug": {
      "type": "uid",
      "targetField": "title",
      "required": true
    },
    "description": {
      "type": "richtext"
    },
    "price": {
      "type": "decimal"
    },
    "condition": {
      "type": "enumeration",
      "enum": [
        "New",
        "User",
        "Refurbished"
      ]
    },
    "location": {
      "type": "string"
    },
    "contact_info": {
      "type": "json"
    },
    "images": {
      "type": "media",
      "multiple": true,
      "allowedTypes": [
        "images",
        "files",
        "videos",
        "audios"
      ]
    },
    "Marketplacestatus": {
      "type": "enumeration",
      "enum": [
        "Available",
        "Sold",
        "Pending"
      ]
    },
    "listing_date": {
      "type": "datetime"
    },
    "blog_posts": {
      "type": "relation",
      "relation": "manyToMany",
      "target": "api::blog-post.blog-post",
      "mappedBy": "marketplace_products"
    },
    "tags": {
      "type": "relation",
      "relation": "manyToMany",
      "target": "api::tag.tag",
      "inversedBy": "marketplace_products"
    },
    "authors": {
      "type": "relation",
      "relation": "manyToMany",
      "target": "api::author.author",
      "mappedBy": "marketplace_products"
    },
    "model": {
      "type": "relation",
      "relation": "oneToOne",
      "target": "api::model.model",
      "inversedBy": "marketplace_product"
    },
    "brand": {
      "type": "relation",
      "relation": "oneToOne",
      "target": "api::brand.brand",
      "mappedBy": "marketplace_product"
    },
    "variant": {
      "type": "relation",
      "relation": "oneToOne",
      "target": "api::variant.variant",
      "inversedBy": "marketplace_product"
    },
    "SEO": {
      "type": "component",
      "component": "shared.seo-meta",
      "repeatable": false
    }
  }
}
