{
  "kind": "collectionType",
  "collectionName": "ad_blocks",
  "info": {
    "singularName": "ad-block",
    "pluralName": "ad-blocks",
    "displayName": "AdBlock"
  },
  "options": {
    "draftAndPublish": true
  },
  "pluginOptions": {},
  "attributes": {
    "name": {
      "type": "string",
      "required": true
    },
    "position": {
      "type": "enumeration",
      "enum": [
        "Header",
        "Sidebar",
        "Content",
        "Footer"
      ]
    },
    "content": {
      "type": "richtext"
    },
    "image": {
      "type": "media",
      "multiple": false,
      "allowedTypes": [
        "images",
        "files",
        "videos",
        "audios"
      ]
    },
    "link": {
      "type": "string"
    },
    "active": {
      "type": "boolean"
    },
    "start_date": {
      "type": "datetime"
    },
    "end_date": {
      "type": "datetime"
    }
  }
}
