{
  "kind": "collectionType",
  "collectionName": "testimonials",
  "info": {
    "singularName": "testimonial",
    "pluralName": "testimonials",
    "displayName": "Testimonials",
    "description": ""
  },
  "options": {
    "draftAndPublish": true
  },
  "pluginOptions": {
    "i18n": {
      "localized": true
    }
  },
  "attributes": {
    "text": {
      "type": "string",
      "pluginOptions": {
        "i18n": {
          "localized": true
        }
      }
    },
    "user": {
      "displayName": "User",
      "type": "component",
      "repeatable": false,
      "component": "shared.user",
      "pluginOptions": {
        "i18n": {
          "localized": true
        }
      }
    }
  }
}
