{
  "kind": "collectionType",
  "collectionName": "pages",
  "info": {
    "singularName": "page",
    "pluralName": "pages",
    "displayName": "Pages",
    "description": ""
  },
  "options": {
    "draftAndPublish": true
  },
  "pluginOptions": {
    "i18n": {
      "localized": true
    }
  },
  "attributes": {
    "seo": {
      "type": "component",
      "repeatable": false,
      "pluginOptions": {
        "i18n": {
          "localized": true
        }
      },
      "component": "shared.seo"
    },
    "slug": {
      "pluginOptions": {
        "i18n": {
          "localized": true
        }
      },
      "type": "uid",
      "default": "slug",
      "required": true
    },
    "dynamic_zone": {
      "pluginOptions": {
        "i18n": {
          "localized": true
        }
      },
      "type": "dynamiczone",
      "components": [
        "dynamic-zone.hero",
        "dynamic-zone.features",
        "dynamic-zone.testimonials",
        "dynamic-zone.how-it-works",
        "dynamic-zone.brands",
        "dynamic-zone.pricing",
        "dynamic-zone.launches",
        "dynamic-zone.cta",
        "dynamic-zone.form-next-to-section",
        "dynamic-zone.faq"
      ]
    }
  }
}
