{
  "kind": "collectionType",
  "collectionName": "variants",
  "info": {
    "singularName": "variant",
    "pluralName": "variants",
    "displayName": "Variant"
  },
  "options": {
    "draftAndPublish": true
  },
  "pluginOptions": {},
  "attributes": {
    "name": {
      "type": "string",
      "required": true,
      "unique": false
    },
    "slug": {
      "type": "uid",
      "targetField": "name",
      "required": true
    },
    "variant_type": {
      "type": "enumeration",
      "enum": [
        "color",
        "Edition",
        "Year"
      ]
    },
    "description": {
      "type": "richtext"
    },
    "price": {
      "type": "decimal"
    },
    "availability": {
      "type": "enumeration",
      "enum": [
        "Available",
        "Discounted",
        "Limited"
      ]
    },
    "color": {
      "type": "string"
    },
    "year": {
      "type": "integer"
    },
    "specifications": {
      "type": "json"
    },
    "images": {
      "type": "media",
      "multiple": true,
      "allowedTypes": [
        "images",
        "files",
        "videos",
        "audios"
      ]
    },
    "model": {
      "type": "relation",
      "relation": "oneToOne",
      "target": "api::model.model",
      "mappedBy": "variant"
    },
    "blog_posts": {
      "type": "relation",
      "relation": "manyToMany",
      "target": "api::blog-post.blog-post",
      "mappedBy": "variants"
    },
    "tags": {
      "type": "relation",
      "relation": "manyToMany",
      "target": "api::tag.tag",
      "mappedBy": "variants"
    },
    "marketplace_products": {
      "type": "relation",
      "relation": "oneToMany",
      "target": "api::marketplace-product.marketplace-product"
    },
    "brand": {
      "type": "relation",
      "relation": "oneToOne",
      "target": "api::brand.brand",
      "mappedBy": "variant"
    },
    "authors": {
      "type": "relation",
      "relation": "oneToMany",
      "target": "api::author.author"
    },
    "marketplace_product": {
      "type": "relation",
      "relation": "oneToOne",
      "target": "api::marketplace-product.marketplace-product",
      "mappedBy": "variant"
    },
    "model_scoped_slug": {
      "type": "uid",
      "targetField": "name"
    },
    "SEO": {
      "type": "component",
      "component": "shared.seo-meta",
      "repeatable": false
    }
  }
}
