{
  "kind": "collectionType",
  "collectionName": "faqs",
  "info": {
    "singularName": "faq",
    "pluralName": "faqs",
    "displayName": "FAQ",
    "description": ""
  },
  "options": {
    "draftAndPublish": false
  },
  "pluginOptions": {
    "i18n": {
      "localized": true
    }
  },
  "attributes": {
    "question": {
      "type": "string",
      "pluginOptions": {
        "i18n": {
          "localized": true
        }
      }
    },
    "answer": {
      "type": "text",
      "pluginOptions": {
        "i18n": {
          "localized": true
        }
      }
    }
  }
}
