{
  "kind": "collectionType",
  "collectionName": "blog_posts",
  "info": {
    "singularName": "blog-post",
    "pluralName": "blog-posts",
    "displayName": "BlogPost"
  },
  "options": {
    "draftAndPublish": true
  },
  "pluginOptions": {},
  "attributes": {
    "title": {
      "type": "string",
      "required": true
    },
    "slug": {
      "type": "uid",
      "targetField": "title",
      "required": true
    },
    "excerpt": {
      "type": "string"
    },
    "content": {
      "type": "richtext"
    },
    "featured_image": {
      "type": "media",
      "multiple": false,
      "allowedTypes": [
        "images",
        "files",
        "videos",
        "audios"
      ]
    },
    "gallery": {
      "type": "media",
      "multiple": true,
      "allowedTypes": [
        "images",
        "files",
        "videos",
        "audios"
      ]
    },
    "published": {
      "type": "date"
    },
    "poststatus": {
      "type": "enumeration",
      "enum": [
        "Draft",
        "Published"
      ]
    },
    "featured": {
      "type": "boolean"
    },
    "SEO": {
      "type": "component",
      "component": "shared.seo-meta",
      "repeatable": false
    },
    "variants": {
      "type": "relation",
      "relation": "manyToMany",
      "target": "api::variant.variant",
      "inversedBy": "blog_posts"
    },
    "author": {
      "type": "relation",
      "relation": "oneToOne",
      "target": "api::author.author",
      "mappedBy": "blog_post"
    },
    "brand": {
      "type": "relation",
      "relation": "oneToOne",
      "target": "api::brand.brand",
      "inversedBy": "blog_post"
    },
    "model": {
      "type": "relation",
      "relation": "oneToOne",
      "target": "api::model.model",
      "inversedBy": "blog_post"
    },
    "tags": {
      "type": "relation",
      "relation": "manyToMany",
      "target": "api::tag.tag",
      "inversedBy": "blog_posts"
    },
    "marketplace_products": {
      "type": "relation",
      "relation": "manyToMany",
      "target": "api::marketplace-product.marketplace-product",
      "inversedBy": "blog_posts"
    }
  }
}
