{
  "kind": "collectionType",
  "collectionName": "tags",
  "info": {
    "singularName": "tag",
    "pluralName": "tags",
    "displayName": "Tag"
  },
  "options": {
    "draftAndPublish": true
  },
  "pluginOptions": {},
  "attributes": {
    "name": {
      "type": "string",
      "required": true
    },
    "slug": {
      "type": "uid",
      "targetField": "name",
      "required": true
    },
    "description": {
      "type": "text"
    },
    "color": {
      "type": "string"
    },
    "SEO": {
      "type": "component",
      "component": "shared.seo-meta",
      "repeatable": false
    },
    "brands": {
      "type": "relation",
      "relation": "manyToMany",
      "target": "api::brand.brand",
      "mappedBy": "tags"
    },
    "models": {
      "type": "relation",
      "relation": "manyToMany",
      "target": "api::model.model",
      "mappedBy": "tags"
    },
    "variants": {
      "type": "relation",
      "relation": "manyToMany",
      "target": "api::variant.variant",
      "inversedBy": "tags"
    },
    "blog_posts": {
      "type": "relation",
      "relation": "manyToMany",
      "target": "api::blog-post.blog-post",
      "mappedBy": "tags"
    },
    "marketplace_products": {
      "type": "relation",
      "relation": "manyToMany",
      "target": "api::marketplace-product.marketplace-product",
      "mappedBy": "tags"
    },
    "authors": {
      "type": "relation",
      "relation": "manyToMany",
      "target": "api::author.author",
      "mappedBy": "tags"
    }
  }
}
