{
  "kind": "collectionType",
  "collectionName": "models",
  "info": {
    "singularName": "model",
    "pluralName": "models",
    "displayName": "Model"
  },
  "options": {
    "draftAndPublish": true
  },
  "pluginOptions": {},
  "attributes": {
    "name": {
      "type": "string",
      "required": true
    },
    "slug": {
      "type": "uid",
      "targetField": "name",
      "required": true
    },
    "brand_scoped_slug": {
      "type": "uid",
      "targetField": "name"
    },
    "description": {
      "type": "richtext"
    },
    "specifications": {
      "type": "json"
    },
    "year_introduced": {
      "type": "biginteger"
    },
    "year_discontinued": {
      "type": "biginteger"
    },
    "category": {
      "type": "enumeration",
      "enum": [
        " Sport",
        "Cruiser",
        "Touring",
        "Adventure",
        "Naked"
      ]
    },
    "engine_capacity": {
      "type": "string"
    },
    "power": {
      "type": "string"
    },
    "torque": {
      "type": "string"
    },
    "featured_image": {
      "type": "media",
      "multiple": false,
      "allowedTypes": [
        "images",
        "files",
        "videos",
        "audios"
      ]
    },
    "gallery": {
      "type": "media",
      "multiple": true,
      "allowedTypes": [
        "images",
        "files",
        "videos",
        "audios"
      ]
    },
    "price": {
      "type": "decimal"
    },
    "weight": {
      "type": "integer"
    },
    "top_speed": {
      "type": "string"
    },
    "fuel_capacity": {
      "type": "string"
    },
    "gearbox": {
      "type": "string"
    },
    "modelstatus": {
      "type": "enumeration",
      "enum": [
        "Draft",
        "Published",
        "Archived"
      ]
    },
    "brand": {
      "type": "relation",
      "relation": "oneToOne",
      "target": "api::brand.brand",
      "mappedBy": "model"
    },
    "variants": {
      "type": "relation",
      "relation": "oneToMany",
      "target": "api::variant.variant"
    },
    "blog_posts": {
      "type": "relation",
      "relation": "oneToMany",
      "target": "api::blog-post.blog-post"
    },
    "tags": {
      "type": "relation",
      "relation": "manyToMany",
      "target": "api::tag.tag",
      "inversedBy": "models"
    },
    "marketplace_products": {
      "type": "relation",
      "relation": "oneToMany",
      "target": "api::marketplace-product.marketplace-product"
    },
    "variant": {
      "type": "relation",
      "relation": "oneToOne",
      "target": "api::variant.variant",
      "inversedBy": "model"
    },
    "blog_post": {
      "type": "relation",
      "relation": "oneToOne",
      "target": "api::blog-post.blog-post",
      "mappedBy": "model"
    },
    "authors": {
      "type": "relation",
      "relation": "manyToMany",
      "target": "api::author.author",
      "mappedBy": "models"
    },
    "marketplace_product": {
      "type": "relation",
      "relation": "oneToOne",
      "target": "api::marketplace-product.marketplace-product",
      "mappedBy": "model"
    },
    "SEO": {
      "type": "component",
      "component": "shared.seo-meta",
      "repeatable": false
    }
  }
}
