{
  "kind": "singleType",
  "collectionName": "blog_pages",
  "info": {
    "singularName": "blog-page",
    "pluralName": "blog-pages",
    "displayName": "/blog",
    "description": ""
  },
  "options": {
    "draftAndPublish": false
  },
  "pluginOptions": {
    "i18n": {
      "localized": true
    }
  },
  "attributes": {
    "seo": {
      "type": "component",
      "repeatable": false,
      "pluginOptions": {
        "i18n": {
          "localized": true
        }
      },
      "component": "shared.seo"
    },
    "heading": {
      "type": "string",
      "pluginOptions": {
        "i18n": {
          "localized": true
        }
      }
    },
    "sub_heading": {
      "type": "string",
      "pluginOptions": {
        "i18n": {
          "localized": true
        }
      }
    },
    "dynamic_zone": {
      "type": "dynamiczone",
      "components": [
        "dynamic-zone.testimonials",
        "dynamic-zone.related-products",
        "dynamic-zone.related-articles",
        "dynamic-zone.pricing",
        "dynamic-zone.launches",
        "dynamic-zone.how-it-works",
        "dynamic-zone.hero",
        "dynamic-zone.form-next-to-section",
        "dynamic-zone.features",
        "dynamic-zone.faq",
        "dynamic-zone.cta",
        "dynamic-zone.brands"
      ],
      "pluginOptions": {
        "i18n": {
          "localized": true
        }
      }
    }
  }
}