{
  "collectionName": "components_shared_buttons",
  "info": {
    "displayName": "Button",
    "icon": "cursor",
    "description": ""
  },
  "options": {},
  "attributes": {
    "text": {
      "type": "string"
    },
    "URL": {
      "type": "string"
    },
    "target": {
      "type": "enumeration",
      "enum": [
        "_blank",
        "_self",
        "_parent",
        "_top"
      ]
    },
    "variant": {
      "type": "enumeration",
      "enum": [
        "simple",
        "outline",
        "primary",
        "muted"
      ],
      "default": "primary"
    }
  }
}
