{
  "collectionName": "components_shared_seo_metas",
  "info": {
    "displayName": "SEO Meta"
  },
  "options": {},
  "attributes": {
    "meta_title": {
      "type": "string"
    },
    "meta_description": {
      "type": "string"
    },
    "meta_keywords": {
      "type": "string"
    },
    "og_title": {
      "type": "string"
    },
    "og_description": {
      "type": "string"
    },
    "og_image": {
      "type": "media",
      "multiple": false,
      "allowedTypes": [
        "images",
        "files",
        "videos",
        "audios"
      ]
    },
    "canonical_url": {
      "type": "string"
    }
  },
  "config": {}
}
