{
  "kind": "collectionType",
  "collectionName": "authors",
  "info": {
    "singularName": "author",
    "pluralName": "authors",
    "displayName": "Author"
  },
  "options": {
    "draftAndPublish": true
  },
  "pluginOptions": {},
  "attributes": {
    "name": {
      "type": "string",
      "required": true
    },
    "slug": {
      "type": "uid",
      "targetField": "name",
      "required": true
    },
    "bio": {
      "type": "richtext"
    },
    "avatar": {
      "type": "media",
      "multiple": false,
      "allowedTypes": [
        "images",
        "files",
        "videos",
        "audios"
      ]
    },
    "email": {
      "type": "email"
    },
    "social_links": {
      "type": "json"
    },
    "expertise": {
      "type": "string"
    },
    "blog_post": {
      "type": "relation",
      "relation": "oneToOne",
      "target": "api::blog-post.blog-post",
      "inversedBy": "author"
    },
    "tags": {
      "type": "relation",
      "relation": "manyToMany",
      "target": "api::tag.tag",
      "inversedBy": "authors"
    },
    "brands": {
      "type": "relation",
      "relation": "manyToMany",
      "target": "api::brand.brand",
      "inversedBy": "authors"
    },
    "models": {
      "type": "relation",
      "relation": "manyToMany",
      "target": "api::model.model",
      "inversedBy": "authors"
    },
    "marketplace_products": {
      "type": "relation",
      "relation": "manyToMany",
      "target": "api::marketplace-product.marketplace-product",
      "inversedBy": "authors"
    },
    "SEO": {
      "type": "component",
      "component": "shared.seo-meta",
      "repeatable": false
    }
  }
}
